501200294;Duy An;Việt Nam;0987654321;levoduyan02@gmail.com;duyan;duyan2002;1
501200813;Phương Linh;Việt Nam;0987654321;phuonglinh@gmail.com;phuonglinh;dung171201;1
501200129;Khánh Duy;Việt Nam;0987654322;khanhduy@gmail.com;khanhduy;dung171201;1
501200851;Thái Bảo;Việt Nam;0987654323;thaibao@gmail.com;thaibao;dung171201;1
501200370;Diễm Kiều;Việt Nam;0987654324;diemkieu@gmail.com;diemkieu;dung171201;1
501200889;Kim Ngân;Việt Nam;0987654325;kimngan@gmail.com;kimngan;dung171201;1
501200102;Văn Dũng;Việt Nam;0987654326;vandung@gmail.com;vandung;dung171201;1
501200927;Duy Phương;Việt Nam;0987654327;duyphuong@gmail.com;duyphuong;dung171201;1
501200446;Thanh Trà;Việt Nam;0987654328;thanhtra@gmail.com;thanhtra;dung171201;1
501200965;Thanh Nga;Việt Nam;0987654329;thanhnga@gmail.com;thanhnga;dung171201;1
